Workbook

Sheet task 5.1.1
A3: Row Labels | B3: Sum of Likes | C3: Average of _Likes | D3: Sum of Clicks | E3: Average of Clicks | F3: Average of Impressions | G3: Sum of Impressions
A4: Apple Event September 2025 | B4: 957050 | C4: 13870.29 | D4: 114854 | E4: 1664.5507 | F4: 149724.96 | G4: 10331022
A5: Apple Watch Ultra 2 Launch | B5: 888529 | C5: 12877.232 | D5: 106775 | E5: 1547.4638 | F5: 136344.19 | G5: 9407749
A6: iPhone 16 Launch | B6: 843431 | C6: 14295.441 | D6: 96543 | E6: 1636.322 | F6: 150870.07 | G6: 8901334
A7: MacBook Air M3 Campaign | B7: 585970 | C7: 12738.478 | D7: 74667 | E7: 1623.1957 | F7: 145625.28 | G7: 6698763
A8: Sustainability Awareness Drive | B8: 792463 | C8: 13902.86 | D8: 89166 | E8: 1564.3158 | F8: 161807 | G8: 9222999
A9: Grand Total | B9: 4067443 | C9: 13558.143 | D9: 482005 | E9: 1606.6833 | F9: 148539.56 | G9: 44561867
J10: Total & Average Impressions, Likes, Clicks per Campaign.

Sheet Task 5.1.2
A1: Campaign_Name | B1: Start_Date | C1: End_Date | D1: Objective | E1: Ad_Spend | F1: Impressions | G1: Engagement_Uplift | H1: Campaign _days | I1: pre_campaign _date_start | J1: pre_campaign_end_date | K1: engagement_during | L1: engagement _before | M1: engagement_uplift2
A2: iPhone 16 Launch | B2: 45458 | C2: 45488 | D2: Product Launch | E2: 85000 | F2: 950000 | G2: 0.45 | H2: =Campaign_Metadata[[#This Row],[End_Date]]-Campaign_Metadata[[#This Row],[Start_Date]]+1 -> 31 | I2: =Campaign_Metadata[[#This Row],[Start_Date]]-Campaign_Metadata[[#This Row],[Campaign _days]] -> 45427 | J2: =Campaign_Metadata[[#This Row],[Start_Date]]-1 -> 45457 | K2: =SUMIFS(Posts!M:M,Posts!L:L,A2,Posts!C:C,">="& B2,Posts!C:C,"<="& C2) -> 116764 | L2: =SUMIFS(Posts!$M:$M,Posts!$L:$L,$A2,Posts!$C:$C,">=" & $I2,Posts!C:C,"<=" & $J2) -> 23693 | M2: =IF(L2=0, 0, ((K2-L2)/L2)) -> 3.9282066
A3: MacBook Air M3 Campaign | B3: 45566 | C3: 45596 | D3: Product Promotion | E3: 60000 | F3: 780000 | G3: 0.38 | H3: =Campaign_Metadata[[#This Row],[End_Date]]-Campaign_Metadata[[#This Row],[Start_Date]]+1 -> 31 | I3: =Campaign_Metadata[[#This Row],[Start_Date]]-Campaign_Metadata[[#This Row],[Campaign _days]] -> 45535 | J3: =Campaign_Metadata[[#This Row],[Start_Date]]-1 -> 45565 | K3: =SUMIFS(Posts!M:M,Posts!L:L,A3,Posts!C:C,">="& B3,Posts!C:C,"<="& C3) -> 74459 | L3: =SUMIFS(Posts!$M:$M,Posts!$L:$L,$A3,Posts!$C:$C,">=" & $I3,Posts!C:C,"<=" & $J3) -> 17234 | M3: =IF(L3=0, 0, ((K3-L3)/L3)) -> 3.3204712
A4: Apple Watch Ultra 2 Launch | B4: 45651 | C4: 45667 | D4: Health & Fitness Awareness | E4: 55000 | F4: 700000 | G4: 0.41 | H4: =Campaign_Metadata[[#This Row],[End_Date]]-Campaign_Metadata[[#This Row],[Start_Date]]+1 -> 17 | I4: =Campaign_Metadata[[#This Row],[Start_Date]]-Campaign_Metadata[[#This Row],[Campaign _days]] -> 45634 | J4: =Campaign_Metadata[[#This Row],[Start_Date]]-1 -> 45650 | K4: =SUMIFS(Posts!M:M,Posts!L:L,A4,Posts!C:C,">="& B4,Posts!C:C,"<="& C4) -> 34600 | L4: =SUMIFS(Posts!$M:$M,Posts!$L:$L,$A4,Posts!$C:$C,">=" & $I4,Posts!C:C,"<=" & $J4) -> 42509 | M4: =IF(L4=0, 0, ((K4-L4)/L4)) -> -0.18605472
A5: Sustainability Awareness Drive | B5: 45717 | C5: 45747 | D5: Sustainability Branding | E5: 40000 | F5: 550000 | G5: 0.32 | H5: =Campaign_Metadata[[#This Row],[End_Date]]-Campaign_Metadata[[#This Row],[Start_Date]]+1 -> 31 | I5: =Campaign_Metadata[[#This Row],[Start_Date]]-Campaign_Metadata[[#This Row],[Campaign _days]] -> 45686 | J5: =Campaign_Metadata[[#This Row],[Start_Date]]-1 -> 45716 | K5: =SUMIFS(Posts!M:M,Posts!L:L,A5,Posts!C:C,">="& B5,Posts!C:C,"<="& C5) -> 52595 | L5: =SUMIFS(Posts!$M:$M,Posts!$L:$L,$A5,Posts!$C:$C,">=" & $I5,Posts!C:C,"<=" & $J5) -> 79895 | M5: =IF(L5=0, 0, ((K5-L5)/L5)) -> -0.34169848
A6: Apple Event September 2025 | B6: 45901 | C6: 45930 | D6: Brand Engagement | E6: 75000 | F6: 880000 | G6: 0.47 | H6: =Campaign_Metadata[[#This Row],[End_Date]]-Campaign_Metadata[[#This Row],[Start_Date]]+1 -> 30 | I6: =Campaign_Metadata[[#This Row],[Start_Date]]-Campaign_Metadata[[#This Row],[Campaign _days]] -> 45871 | J6: =Campaign_Metadata[[#This Row],[Start_Date]]-1 -> 45900 | K6: =SUMIFS(Posts!M:M,Posts!L:L,A6,Posts!C:C,">="& B6,Posts!C:C,"<="& C6) -> 826669 | L6: =SUMIFS(Posts!$M:$M,Posts!$L:$L,$A6,Posts!$C:$C,">=" & $I6,Posts!C:C,"<=" & $J6) -> 0 | M6: =IF(L6=0, 0, ((K6-L6)/L6)) -> 0
E21: Measure engagement uplift during vs. before campaigns

Sheet task 5.2.1
A1: Campaign_Name | B1: Start_Date | C1: End_Date | D1: Objective | E1: Ad_Spend | F1: Impressions | G1: Engagement_Uplift | H1: Campaign _days | I1: pre_campaign _date_start | J1: pre_campaign_end_date | K1: engagement_during | L1: engagement _before | M1: engagement_uplift2 | N1: ROI
A2: iPhone 16 Launch | B2: 45458 | C2: 45488 | D2: Product Launch | E2: 85000 | F2: 950000 | G2: 0.45 | H2: =Campaign_Metadata4[[#This Row],[End_Date]]-Campaign_Metadata4[[#This Row],[Start_Date]]+1 -> 31 | I2: =Campaign_Metadata4[[#This Row],[Start_Date]]-Campaign_Metadata4[[#This Row],[Campaign _days]] -> 45427 | J2: =Campaign_Metadata4[[#This Row],[Start_Date]]-1 -> 45457 | K2: =SUMIFS(Posts!M:M,Posts!L:L,A2,Posts!C:C,">="& B2,Posts!C:C,"<="& C2) -> 116764 | L2: =SUMIFS(Posts!$M:$M,Posts!$L:$L,$A2,Posts!$C:$C,">=" & $I2,Posts!C:C,"<=" & $J2) -> 23693 | M2: =IF(L2=0, 0, ((K2-L2)/L2)) -> 3.9282066 | N2: =K2/E2 -> 1.3736941
A3: MacBook Air M3 Campaign | B3: 45566 | C3: 45596 | D3: Product Promotion | E3: 60000 | F3: 780000 | G3: 0.38 | H3: =Campaign_Metadata4[[#This Row],[End_Date]]-Campaign_Metadata4[[#This Row],[Start_Date]]+1 -> 31 | I3: =Campaign_Metadata4[[#This Row],[Start_Date]]-Campaign_Metadata4[[#This Row],[Campaign _days]] -> 45535 | J3: =Campaign_Metadata4[[#This Row],[Start_Date]]-1 -> 45565 | K3: =SUMIFS(Posts!M:M,Posts!L:L,A3,Posts!C:C,">="& B3,Posts!C:C,"<="& C3) -> 74459 | L3: =SUMIFS(Posts!$M:$M,Posts!$L:$L,$A3,Posts!$C:$C,">=" & $I3,Posts!C:C,"<=" & $J3) -> 17234 | M3: =IF(L3=0, 0, ((K3-L3)/L3)) -> 3.3204712 | N3: =K3/E3 -> 1.2409833
A4: Apple Watch Ultra 2 Launch | B4: 45651 | C4: 45667 | D4: Health & Fitness Awareness | E4: 55000 | F4: 700000 | G4: 0.41 | H4: =Campaign_Metadata4[[#This Row],[End_Date]]-Campaign_Metadata4[[#This Row],[Start_Date]]+1 -> 17 | I4: =Campaign_Metadata4[[#This Row],[Start_Date]]-Campaign_Metadata4[[#This Row],[Campaign _days]] -> 45634 | J4: =Campaign_Metadata4[[#This Row],[Start_Date]]-1 -> 45650 | K4: =SUMIFS(Posts!M:M,Posts!L:L,A4,Posts!C:C,">="& B4,Posts!C:C,"<="& C4) -> 34600 | L4: =SUMIFS(Posts!$M:$M,Posts!$L:$L,$A4,Posts!$C:$C,">=" & $I4,Posts!C:C,"<=" & $J4) -> 42509 | M4: =IF(L4=0, 0, ((K4-L4)/L4)) -> -0.18605472 | N4: =K4/E4 -> 0.62909091
A5: Sustainability Awareness Drive | B5: 45717 | C5: 45747 | D5: Sustainability Branding | E5: 40000 | F5: 550000 | G5: 0.32 | H5: =Campaign_Metadata4[[#This Row],[End_Date]]-Campaign_Metadata4[[#This Row],[Start_Date]]+1 -> 31 | I5: =Campaign_Metadata4[[#This Row],[Start_Date]]-Campaign_Metadata4[[#This Row],[Campaign _days]] -> 45686 | J5: =Campaign_Metadata4[[#This Row],[Start_Date]]-1 -> 45716 | K5: =SUMIFS(Posts!M:M,Posts!L:L,A5,Posts!C:C,">="& B5,Posts!C:C,"<="& C5) -> 52595 | L5: =SUMIFS(Posts!$M:$M,Posts!$L:$L,$A5,Posts!$C:$C,">=" & $I5,Posts!C:C,"<=" & $J5) -> 79895 | M5: =IF(L5=0, 0, ((K5-L5)/L5)) -> -0.34169848 | N5: =K5/E5 -> 1.314875
A6: Apple Event September 2025 | B6: 45901 | C6: 45930 | D6: Brand Engagement | E6: 75000 | F6: 880000 | G6: 0.47 | H6: =Campaign_Metadata4[[#This Row],[End_Date]]-Campaign_Metadata4[[#This Row],[Start_Date]]+1 -> 30 | I6: =Campaign_Metadata4[[#This Row],[Start_Date]]-Campaign_Metadata4[[#This Row],[Campaign _days]] -> 45871 | J6: =Campaign_Metadata4[[#This Row],[Start_Date]]-1 -> 45900 | K6: =SUMIFS(Posts!M:M,Posts!L:L,A6,Posts!C:C,">="& B6,Posts!C:C,"<="& C6) -> 826669 | L6: =SUMIFS(Posts!$M:$M,Posts!$L:$L,$A6,Posts!$C:$C,">=" & $I6,Posts!C:C,"<=" & $J6) -> 0 | M6: =IF(L6=0, 0, ((K6-L6)/L6)) -> 0 | N6: =K6/E6 -> 11.022253
G11: the highest ROI

Sheet task 5.2.2
A1: Campaign_Name | B1: Start_Date | C1: End_Date | D1: Objective | E1: Ad_Spend | F1: Impressions | G1: Engagement_Uplift | H1: Campaign _days | I1: pre_campaign _date_start | J1: pre_campaign_end_date | K1: engagement_during | L1: engagement _before | M1: engagement_uplift2 | N1: Net_followers_gain
A2: iPhone 16 Launch | B2: 45458 | C2: 45488 | D2: Product Launch | E2: 85000 | F2: 950000 | G2: 0.45 | H2: =Campaign_Metadata45[[#This Row],[End_Date]]-Campaign_Metadata45[[#This Row],[Start_Date]]+1 -> 31 | I2: =Campaign_Metadata45[[#This Row],[Start_Date]]-Campaign_Metadata45[[#This Row],[Campaign _days]] -> 45427 | J2: =Campaign_Metadata45[[#This Row],[Start_Date]]-1 -> 45457 | K2: =SUMIFS(Posts!M:M,Posts!L:L,A2,Posts!C:C,">="& B2,Posts!C:C,"<="& C2) -> 116764 | L2: =SUMIFS(Posts!$M:$M,Posts!$L:$L,$A2,Posts!$C:$C,">=" & $I2,Posts!C:C,"<=" & $J2) -> 23693 | M2: =IF(L2=0, 0, ((K2-L2)/L2)) -> 3.9282066 | N2: =SUMIFS('Engagement Summary'!H:H,'Engagement Summary'!A:A,">=" & $B2,'Engagement Summary'!A:A, "<=" & $C2) -> 106800
A3: MacBook Air M3 Campaign | B3: 45566 | C3: 45596 | D3: Product Promotion | E3: 60000 | F3: 780000 | G3: 0.38 | H3: =Campaign_Metadata45[[#This Row],[End_Date]]-Campaign_Metadata45[[#This Row],[Start_Date]]+1 -> 31 | I3: =Campaign_Metadata45[[#This Row],[Start_Date]]-Campaign_Metadata45[[#This Row],[Campaign _days]] -> 45535 | J3: =Campaign_Metadata45[[#This Row],[Start_Date]]-1 -> 45565 | K3: =SUMIFS(Posts!M:M,Posts!L:L,A3,Posts!C:C,">="& B3,Posts!C:C,"<="& C3) -> 74459 | L3: =SUMIFS(Posts!$M:$M,Posts!$L:$L,$A3,Posts!$C:$C,">=" & $I3,Posts!C:C,"<=" & $J3) -> 17234 | M3: =IF(L3=0, 0, ((K3-L3)/L3)) -> 3.3204712 | N3: =SUMIFS('Engagement Summary'!H:H,'Engagement Summary'!A:A,">=" & $B3,'Engagement Summary'!A:A, "<=" & $C3) -> 99093
A4: Apple Watch Ultra 2 Launch | B4: 45651 | C4: 45667 | D4: Health & Fitness Awareness | E4: 55000 | F4: 700000 | G4: 0.41 | H4: =Campaign_Metadata45[[#This Row],[End_Date]]-Campaign_Metadata45[[#This Row],[Start_Date]]+1 -> 17 | I4: =Campaign_Metadata45[[#This Row],[Start_Date]]-Campaign_Metadata45[[#This Row],[Campaign _days]] -> 45634 | J4: =Campaign_Metadata45[[#This Row],[Start_Date]]-1 -> 45650 | K4: =SUMIFS(Posts!M:M,Posts!L:L,A4,Posts!C:C,">="& B4,Posts!C:C,"<="& C4) -> 34600 | L4: =SUMIFS(Posts!$M:$M,Posts!$L:$L,$A4,Posts!$C:$C,">=" & $I4,Posts!C:C,"<=" & $J4) -> 42509 | M4: =IF(L4=0, 0, ((K4-L4)/L4)) -> -0.18605472 | N4: =SUMIFS('Engagement Summary'!H:H,'Engagement Summary'!A:A,">=" & $B4,'Engagement Summary'!A:A, "<=" & $C4) -> 50927
A5: Sustainability Awareness Drive | B5: 45717 | C5: 45747 | D5: Sustainability Branding | E5: 40000 | F5: 550000 | G5: 0.32 | H5: =Campaign_Metadata45[[#This Row],[End_Date]]-Campaign_Metadata45[[#This Row],[Start_Date]]+1 -> 31 | I5: =Campaign_Metadata45[[#This Row],[Start_Date]]-Campaign_Metadata45[[#This Row],[Campaign _days]] -> 45686 | J5: =Campaign_Metadata45[[#This Row],[Start_Date]]-1 -> 45716 | K5: =SUMIFS(Posts!M:M,Posts!L:L,A5,Posts!C:C,">="& B5,Posts!C:C,"<="& C5) -> 52595 | L5: =SUMIFS(Posts!$M:$M,Posts!$L:$L,$A5,Posts!$C:$C,">=" & $I5,Posts!C:C,"<=" & $J5) -> 79895 | M5: =IF(L5=0, 0, ((K5-L5)/L5)) -> -0.34169848 | N5: =SUMIFS('Engagement Summary'!H:H,'Engagement Summary'!A:A,">=" & $B5,'Engagement Summary'!A:A, "<=" & $C5) -> 107259
A6: Apple Event September 2025 | B6: 45901 | C6: 45930 | D6: Brand Engagement | E6: 75000 | F6: 880000 | G6: 0.47 | H6: =Campaign_Metadata45[[#This Row],[End_Date]]-Campaign_Metadata45[[#This Row],[Start_Date]]+1 -> 30 | I6: =Campaign_Metadata45[[#This Row],[Start_Date]]-Campaign_Metadata45[[#This Row],[Campaign _days]] -> 45871 | J6: =Campaign_Metadata45[[#This Row],[Start_Date]]-1 -> 45900 | K6: =SUMIFS(Posts!M:M,Posts!L:L,A6,Posts!C:C,">="& B6,Posts!C:C,"<="& C6) -> 826669 | L6: =SUMIFS(Posts!$M:$M,Posts!$L:$L,$A6,Posts!$C:$C,">=" & $I6,Posts!C:C,"<=" & $J6) -> 0 | M6: =IF(L6=0, 0, ((K6-L6)/L6)) -> 0 | N6: =SUMIFS('Engagement Summary'!H:H,'Engagement Summary'!A:A,">=" & $B6,'Engagement Summary'!A:A, "<=" & $C6) -> 0

Sheet Posts
A1: PostID | B1: Platform | C1: Date | D1: ContentType | E1: Hashtags | F1: Likes | G1: Shares | H1: Comments | I1: Clicks | J1: Reach | K1: Impressions | L1: Campaign | M1: engagement rate
A2: A1 | B2: YouTube | C2: 45649 | D2: Image | E2: #AppleWatchUltra2,#HealthTech | F2: 24516 | G2: 976 | H2: 974 | I2: 2675 | J2: 23275 | K2: 202932 | L2: Apple Watch Ultra 2 Launch | M2: 26466
A3: A2 | B3: LinkedIn | C3: 45903 | D3: Image | E3: #MacBookAirM3,#AppleInnovation | F3: 4779 | G3: 1110 | H3: 436 | I3: 1574 | J3: 77167 | K3: 71585 | L3: Apple Event September 2025 | M3: 6325
A4: A3 | B4: Instagram | C4: 45789 | D4: Tweet | E4: #AppleDesign,#Innovation | F4: 19308 | G4: 1318 | H4: 795 | I4: 1499 | J4: 52307 | K4: 193087 | L4: Sustainability Awareness Drive | M4: 21421
A5: A4 | B5: YouTube | C5: 45516 | D5: Video | E5: #AppleEvent,#iPadPro | F5: 3581 | G5: 517 | H5: 880 | I5: 1925 | J5: 18636 | K5: 248611 | L5: iPhone 16 Launch | M5: 4978
A6: A5 | B6: YouTube | C6: 45904 | D6: Video | E6: #AppleWatchUltra2,#HealthTech | F6: 21708 | G6: 435 | H6: 317 | I6: 1213 | J6: 70701 | K6: 83585 | L6: Apple Event September 2025 | M6: 22460
A7: A6 | B7: LinkedIn | C7: 45905 | D7: Image | E7: #ShotOniPhone | F7: 14677 | G7: 533 | H7: 759 | I7: 753 | J7: 23275 | K7: 66958 | L7: Apple Event September 2025 | M7: 15969
A8: A7 | B8: Instagram | C8: 45467 | D8: Carousel | E8: #AppleMusic,#AppleLifestyle | F8: 7713 | G8: 575 | H8: 417 | I8: 336 | J8: 61660 | K8: 66017 | L8: iPhone 16 Launch | M8: 8705
A9: A8 | B9: Instagram | C9: 45486 | D9: Video | E9: #AppleWatch,#Health | F9: 18639 | G9: 1360 | H9: 898 | I9: 2011 | J9: 42841 | K9: 247779 | L9: iPhone 16 Launch | M9: 20897
A10: A9 | B10: YouTube | C10: 45534 | D10: Carousel | E10: #MacBookAirM3,#AppleInnovation | F10: 6804 | G10: 787 | H10: 970 | I10: 1095 | J10: 56343 | K10: 164677 | L10: Apple Watch Ultra 2 Launch | M10: 8561
A11: A10 | B11: Twitter | C11: 45727 | D11: Video | E11: #iPhone16Launch,#AppleEvent | F11: 20222 | G11: 712 | H11: 604 | I11: 1272 | J11: 71598 | K11: 216422 | L11: Sustainability Awareness Drive | M11: 21538
A12: A11 | B12: YouTube | C12: 45690 | D12: Carousel | E12: #AppleEvent,#iPadPro | F12: 12136 | G12: 1117 | H12: 834 | I12: 892 | J12: 24675 | K12: 183273 | L12: Sustainability Awareness Drive | M12: 14087
A13: A12 | B13: YouTube | C13: 45494 | D13: Tweet | E13: #MacBookAirM3,#AppleInnovation | F13: 2009 | G13: 1072 | H13: 550 | I13: 1437 | J13: 22982 | K13: 69426 | L13: iPhone 16 Launch | M13: 3631
... A301: A300 | B301: LinkedIn | C301: 45926 | D301: Video | E301: #iPhone16Launch,#AppleEvent | F301: 21216 | G301: 226 | H301: 187 | I301: 1573 | J301: 62688 | K301: 111031 | L301: Apple Event September 2025 | M301: 21629

Sheet Engagement Summary
A1: Week_Start_Date | B1: Platform | C1: New_Followers | D1: Unfollows | E1: Total_Followers | F1: Engagement_Rate | G1: Ad_Spend | H1: Net _followers_gains
A2: 45446 | B2: Instagram | C2: 4138 | D2: 361 | E2: 103777 | F2: 56.637791 | G2: 23944 | H2: 3777
A3: 45446 | B3: Twitter | C3: 8693 | D3: 1261 | E3: 111209 | F3: 69.475492 | G3: 29873 | H3: 7432
A4: 45446 | B4: YouTube | C4: 9264 | D4: 1141 | E4: 119332 | F4: 92.312205 | G4: 50372 | H4: 8123
A5: 45446 | B5: YouTube | C5: 8842 | D5: 971 | E5: 127203 | F5: 16.351816 | G5: 33928 | H5: 7871
A6: 45453 | B6: Instagram | C6: 7721 | D6: 506 | E6: 134418 | F6: 35.577824 | G6: 25379 | H6: 7215
A7: 45453 | B7: YouTube | C7: 8002 | D7: 524 | E7: 141896 | F7: 52.064893 | G7: 46751 | H7: 7478
A8: 45453 | B8: Twitter | C8: 5225 | D8: 291 | E8: 146830 | F8: 19.551863 | G8: 44546 | H8: 4934
A9: 45453 | B9: Twitter | C9: 3978 | D9: 543 | E9: 150265 | F9: 49.159818 | G9: 34286 | H9: 3435
A10: 45460 | B10: Instagram | C10: 8373 | D10: 921 | E10: 157717 | F10: 12.226329 | G10: 15110 | H10: 7452
A11: 45460 | B11: Twitter | C11: 6907 | D11: 834 | E11: 163790 | F11: 54.158984 | G11: 22087 | H11: 6073
A12: 45460 | B12: LinkedIn | C12: 7097 | D12: 369 | E12: 170518 | F12: 9.2506363 | G12: 33762 | H12: 6728
A13: 45460 | B13: Instagram | C13: 6656 | D13: 978 | E13: 176196 | F13: 60.425889 | G13: 27081 | H13: 5678
... A201: 45789 | B201: Twitter | C201: 8527 | D201: 1091 | E201: 1186398 | F201: 1.6760817 | G201: 41703 | H201: 7436

Sheet Sheet1
